track_name,artist_name,mood,Unnamed: 0,duration_ms,year,popularity,danceability,energy,key,loudness,mode,speechiness,acousticness,instrumentalness,liveness,valence,tempo
Dil Dhadakne Do ,Joi Barua & Suraj Jagan,HAPPY,1141104,230319,2011,59,0.778,0.599,2,-4.758,1,0.032,0.0705,0.0,0.59,0.949,116.951
Ek Ladki Bheegi Bhaagi si,Kishore Kumar,HAPPY,17994,236800,1958,12,0.563,0.455,4,-7.01,0,0.0551,0.8079999999999999,0.0,0.154,0.892,120.784
Ratchet Happy Birthday,Drake,HAPPY,341436,207307,2018,52,0.657,0.571,2,-12.519,1,0.139,0.11,0.00123,0.0735,0.622,167.958
Love On ,Selena Gomez,HAPPY,1546,229080,2015,69,0.672,0.593,11,-4.01,0,0.0304,0.0223,0.0,0.214,0.438,98.02
I Know ?,Travis Scott,HAPPY,341757,156886,2018,63,0.804,0.763,2,-5.48,1,0.0519,0.0678,0.0,0.368,0.0585,136.052
Liggi,Ritviz,HAPPY,493870,181176,2021,67,0.786,0.667,5,-8.272,1,0.054,0.0112,0.053,0.074,0.688,102.046
Udd Gaye,Ritviz,HAPPY,383944,180414,2019,64,0.595,0.817,11,-6.187,0,0.0474,0.000712,0.0386,0.142,0.483,144.961
Chalo Chalein,Ritviz,HAPPY,507655,184371,2021,56,0.461,0.5,1,-9.828,1,0.0614,0.00245,0.03,0.116,0.572,76.176
Baaraat,Ritviz,HAPPY,494038,222096,2021,61,0.678,0.449,4,-9.379,0,0.0869,0.477,0.0,0.536,0.606,100.033
Sage,Ritviz,HAPPY,383999,230204,2019,59,0.663,0.412,5,-8.195,0,0.364,0.00434,0.019,0.215,0.356,98.023
Aaj Na,Ritviz,HAPPY,561136,193426,2022,60,0.659,0.345,11,-8.464,1,0.107,0.106,0.0,0.107,0.338,84.761
Roz,Ritviz,HAPPY,507650,219240,2021,56,0.833,0.639,5,-6.964,1,0.0676,0.152,0.0,0.101,0.448,102.989
Jeet,Ritviz,HAPPY,398194,184848,2019,54,0.787,0.734,0,-6.465,1,0.0703,0.364,0.000995,0.0625,0.644,98.989
Thandi Hawa,Ritviz,HAPPY,507670,203077,2021,49,0.619,0.558,1,-12.15,0,0.177,0.0558,0.00935,0.16,0.514,195.004
Roshni,Ritviz,HAPPY,507681,216220,2021,46,0.585,0.625,6,-5.13,0,0.0765,0.0444,0.0,0.0376,0.666,164.066
"Thank u, next",Ariana Grande,HAPPY,321252,207320,2018,50,0.743,0.662,1,-5.745,1,0.0534,0.268,1.36e-06,0.102,0.408,107.027
As I am ,Justin Bieber,HAPPY,612555,174406,2023,0,0.595,0.543,11,-8.149,1,0.038,0.127,0.0,0.0975,0.109,99.928
Three little birds,Bob Marley and The Wailers,HAPPY,83644,180267,1977,79,0.8140000000000001,0.482,9,-10.493,1,0.0588,0.0111,1.57e-06,0.0476,0.615,148.404
"Me Gustas Tu 

",Manu Chao,HAPPY,95932,239987,2001,71,0.657,0.741,11,-6.822,0,0.0825,0.6629999999999999,0.494,0.222,0.908,175.949
I don't want to talk about it,Rod Steward,HAPPY,155640,200985,2014,31,0.586,0.718,1,-5.115,1,0.0333,0.0151,0.000253,0.0968,0.585,93.068
Namo Namo,Amit Trivedi,HAPPY,570289,201136,2022,20,0.713,0.594,2,-8.529,1,0.0292,0.321,0.0328,0.359,0.669,131.978
Dil Diyan Gallan,Atif Aslam,HAPPY,515909,260537,2021,67,0.717,0.64,2,-8.726,1,0.025,0.565,0.00139,0.127,0.485,105.021
Born to shine ,Diljit Dosanjh ,HAPPY,462312,213333,2020,67,0.745,0.826,6,-4.339,0,0.0866,0.357,0.0,0.302,0.674,90.149
Chaiyya chaiyaa,Sukhwinder singh,HAPPY,197996,319576,2015,39,0.357,0.628,0,-8.135,1,0.0612,0.55,3.61e-05,0.122,0.334,99.968
Jaag Uthe Hai Dard Purane,Nushrat fateh ali khan ,HAPPY,691320,586583,2001,0,0.401,0.792,3,-6.044,1,0.0444,0.205,4.86e-05,0.425,0.817,162.433
Sabaton,Christmas truce ,HAPPY,511786,318000,2021,48,0.327,0.94,9,-6.778,0,0.0637,0.00472,0.0,0.184,0.223,185.977
Kudi nu nachne de,Vishal ,HAPPY,462478,172382,2020,29,0.834,0.687,9,-7.494,1,0.0653,0.176,0.0,0.174,0.876,117.947
There's nothing holding me back ,Shaun Mendes,HAPPY,1761,199440,2017,0,0.857,0.8,2,-4.035,1,0.0583,0.381,0.0,0.0913,0.966,121.996
House of fun,Madness,HAPPY,131831,180067,1983,34,0.7440000000000001,0.924,7,-8.964,1,0.0478,0.234,0.0331,0.128,0.7909999999999999,128.656
La bamba,Ritchie Valens,HAPPY,297602,126960,2017,9,0.516,0.809,0,-6.419,1,0.0545,0.787,0.000331,0.303,0.939,75.099
Tere Bina,Shreya Ghoshal,HAPPY,351002,300750,2018,21,0.429,0.42,1,-7.255,1,0.0302,0.907,0.0265,0.0985,0.126,114.829
Tu Chahiye,Atif Aslam,HAPPY,197899,272680,2015,62,0.565,0.744,7,-5.817,1,0.0446,0.403,0.0,0.0853,0.415,134.068
Zindagi Aa Raha Hoon Main,Atif Aslam,HAPPY,197931,287708,2015,50,0.637,0.816,1,-6.772,1,0.0357,0.0916,2.19e-06,0.169,0.536,131.0
Hoor,Atif Aslam,HAPPY,293815,237360,2017,52,0.321,0.432,4,-7.777,1,0.0304,0.505,1.18e-05,0.278,0.366,150.148
Paniyon Sa,Atif Aslam,HAPPY,350565,236240,2018,56,0.523,0.768,0,-4.953,0,0.0566,0.447,0.000226,0.0833,0.669,75.03
Baarishein,Atif Aslam,HAPPY,406753,250922,2019,42,0.349,0.633,7,-3.233,0,0.0495,0.488,0.0,0.104,0.0869,74.635
Pehli Dafa,Atif Aslam,HAPPY,293770,298771,2017,68,0.679,0.537,4,-7.843,1,0.0322,0.844,3.34e-06,0.108,0.481,111.979
Tera Hua (Unplugged),Atif Aslam,HAPPY,350608,230005,2018,39,0.301,0.318,2,-7.046,1,0.0283,0.751,5.32e-06,0.161,0.245,103.451
Musafir,Atif Aslam,HAPPY,914255,229147,2006,27,0.644,0.879,2,-4.075,1,0.0863,0.461,3.36e-05,0.27,0.537,104.937
Dekhte Dekhte,Atif Aslam,HAPPY,351176,256271,2018,10,0.799,0.828,9,-4.846,0,0.0782,0.424,0.0,0.145,0.627,105.04
O Sathii,Atif aslam,HAPPY,350430,251819,2018,69,0.481,0.496,8,-7.421,1,0.0262,0.588,0.0,0.132,0.453,89.839
"Born to shine 
",Diljit Dosanjh ,HAPPY,462312,213333,2020,67,0.745,0.826,6,-4.339,0,0.0866,0.357,0.0,0.302,0.674,90.149
Kabhi kabhi aditi ,AR Rahman,HAPPY,38971,218836,2008,57,0.7909999999999999,0.5579999999999999,7,-7.155,0,0.0661,0.276,0.0,0.0859,0.872,95.077
Ye Dil Aur Unki,Lata Mangeshkar ,HAPPY,697692,371693,2001,2,0.304,0.29,8,-12.957,1,0.0335,0.775,0.00103,0.241,0.264,76.083
Pal Bhar Me Ye kya,Lata Mangeshkar ,HAPPY,80087,308573,1941,9,0.346,0.394,2,-9.985,1,0.0313,0.8109999999999999,0.0,0.176,0.421,122.426
Tere Liye Palko Ki,Lata Mangeshkar ,HAPPY,516242,331677,2021,26,0.526,0.461,1,-8.593,0,0.0248,0.828,0.00189,0.139,0.321,98.058
Mujhe Chhu Rahi Hai,Lata Mangeshkar ,HAPPY,128599,206627,1951,0,0.382,0.457,6,-9.404,1,0.0334,0.939,1.05e-06,0.154,0.609,79.28399999999998
Ye Mulaqat Ek Bahana,Lata Mangeshkar ,HAPPY,100633,207587,1953,9,0.276,0.266,1,-11.481,1,0.0401,0.978,0.00282,0.328,0.514,67.6
Ajnabi Kaun Ho Tum,Lata Mangeshkar ,HAPPY,146128,188133,1952,0,0.516,0.106,3,-17.439,1,0.0353,0.993,0.0615,0.142,0.593,94.175
Ye Sama Sama Hai Ye,Lata Mangeshkar ,HAPPY,2646,198573,1965,24,0.434,0.507,0,-9.478,1,0.058,0.97,0.201,0.356,0.5529999999999999,124.907
Dil Jo Na Kah Saka,Lata Mangeshkar ,HAPPY,48559,185574,1949,0,0.693,0.297,1,-10.519,0,0.0472,0.979,0.000155,0.135,0.731,122.976
Jane Kya Bat Hai,Lata Mangeshkar ,HAPPY,697031,337000,2001,13,0.565,0.302,0,-13.006,0,0.0283,0.648,3.21e-05,0.0998,0.374,93.5
212,Azealia Banks,HAPPY,1237,204956,2014,0,0.847,0.769,11,-5.761,0,0.258,0.0145,0.00012,0.0767,0.626,126.017
Bust A Move,Young MC,HAPPY,646112,265667,2000,53,0.954,0.614,4,-11.48,1,0.106,0.0816,9.25e-05,0.086,0.839,117.548
Americano,Lady Gaga,HAPPY,1122553,246533,2011,62,0.608,0.848,1,-5.086,1,0.0326,0.000622,3.93e-06,0.429,0.338,127.999
All you need is love ,Beetles,HAPPY,149123,226667,2014,51,0.364,0.483,7,-8.22,1,0.0317,0.281,1.53e-06,0.113,0.7,102.967
Rich spirit ,Kendrick Lamar,HAPPY,560206,202285,2022,76,0.852,0.421,10,-9.153,0,0.208,0.428,2.28e-06,0.106,0.457,95.977
Happy ,Travis Scott,HAPPY,189674,219360,2015,62,0.655,0.496,3,-4.139,0,0.0364,0.0335,0.0,0.156,0.28,137.945
Butterfly effect,Travis Scott,HAPPY,1727,190677,2017,0,0.763,0.598,11,-6.865,1,0.0539,0.0714,0.0,0.112,0.182,140.987
" Sky full of stars
",Cold play,HAPPY,1479,267866,2014,80,0.545,0.675,6,-6.474,1,0.0279,0.00617,0.00197,0.209,0.162,124.97
"When we were young 
",Adelle,HAPPY,197527,290900,2015,73,0.376,0.595,3,-5.936,1,0.0496,0.303,0.0,0.095,0.265,144.361
Raag Maluha Kalyan ,Pandit Nikhil Banerjee,HAPPY,8848,172493,2012,23,0.322,0.567,2,-8.448,1,0.0266,0.817,0.924,0.133,0.465,103.231
Angel With A Shot Gun,The Cab,HAPPY,1141905,221387,2011,60,0.546,0.837,2,-5.13,1,0.0519,0.00549,0.0,0.387,0.402,124.007
Sweet Child O Mine ,GNR,HAPPY,1052669,347627,2009,27,0.513,0.497,2,-8.11,1,0.0279,0.311,6.65e-05,0.207,0.167,114.418
Shape of you,Ed Sheeran,HAPPY,1700,233712,2017,84,0.825,0.652,1,-3.183,0,0.0802,0.581,0.0,0.0931,0.931,95.977
All I wanna do,Sheryl Crowe,HAPPY,85271,272107,1993,67,0.82,0.528,9,-11.179,1,0.0321,0.111,0.0186,0.257,0.931,120.091
Sunroof ,Nicky Youre,HAPPY,515566,163026,2021,85,0.768,0.714,10,-5.11,1,0.0401,0.352,0.0,0.15,0.842,131.443
Somewhere over the rainbow,Israel Kamakawiwoole,HAPPY,86085,211933,2001,71,0.6709999999999999,0.153,0,-13.569,1,0.0404,0.912,5.53e-05,0.0771,0.6579999999999999,85.6
How you like that ,Blackpink,HAPPY,456850,182956,2020,75,0.812,0.761,11,-5.222,1,0.0812,0.0465,0.000135,0.0601,0.344,130.032
Perfect Symphony,Ed Sheeran ,HAPPY,1709,263400,2017,85,0.599,0.448,8,-6.312,1,0.0232,0.163,0.0,0.106,0.168,95.05
Dheere dheere,Yo yo honey singh,HAPPY,189406,212413,2015,65,0.73,0.58,0,-7.976,1,0.124,0.0399,2.48e-05,0.0703,0.55,167.915
Walking on sunshine ,Katrina and the waves,HAPPY,84444,238733,1985,78,0.596,0.8690000000000001,10,-11.97,1,0.037,0.0116,0.173,0.0678,0.944,109.902
Dancing queen ,Abba,HAPPY,40438,233440,2012,62,0.508,0.825,9,-9.627,1,0.0451,0.175,0.00133,0.376,0.715,100.548
Jaan,Sonu Nigam ,HAPPY,697115,308467,2001,19,0.546,0.539,0,-11.922,1,0.208,0.393,0.0,0.256,0.557,173.994
the way i are,Timbaland,HAPPY,708,179120,2007,80,0.731,0.807,3,-6.492,0,0.1,0.181,0.751,0.319,0.765,114.759
Happier,Ed Sheeran ,HAPPY,293501,207520,2017,78,0.522,0.385,0,-7.355,1,0.0288,0.536,0.0,0.135,0.236,89.792
Humnava mere,Jubin Nautiyal ,HAPPY,345015,328992,2018,70,0.401,0.553,5,-8.263,0,0.0337,0.47,2.96e-06,0.124,0.364,79.144
Blinding lights,The Weekend ,HAPPY,461991,200040,2020,90,0.514,0.73,1,-5.934,1,0.0598,0.00146,9.54e-05,0.0897,0.334,171.005
Skinny Love,Birdy,SAD,31279,201080,2011,60,0.379,0.29,4,-8.485,1,0.051,0.952,0.00106,0.118,0.1689999999999999,166.467
I Lost a Friend,FINNEAS,SAD,384350,237020,2019,65,0.453,0.208,11,-11.917,1,0.22,0.585,0.0,0.119,0.218,169.326
listen before i go,Billie Eilish,SAD,406393,242652,2019,75,0.319,0.0561,0,-23.023,1,0.045,0.935,0.00384,0.388,0.082,79.764
Irreplaceable,Zak Manley,SAD,309506,189634,2018,50,0.528,0.238,10,-9.613,1,0.0847,0.62,0.0,0.12,0.736,152.702
i love you,Billie Eilish,SAD,406386,291796,2019,78,0.421,0.131,0,-18.435,1,0.0382,0.952,0.00453,0.109,0.12,137.446
goodbye,Billie Eilish,SAD,406472,119410,2019,68,0.153,0.138,6,-21.877,0,0.0503,0.837,0.55,0.254,0.0503,74.318
idontwannabeyouanymore,Billie Eilish,SAD,271630,203569,2017,79,0.483,0.412,7,-8.461,1,0.0402,0.737,0.0,0.116,0.247,170.163
lovely (with Khalid),"Billie Eilish, Khalid",SAD,87747,200186,2018,89,0.351,0.296,4,-10.109,0,0.0333,0.934,0.0,0.095,0.12,115.284
Out Of Love,Alessia Cara,SAD,327783,227693,2018,70,0.481,0.267,7,-9.249,1,0.0339,0.8,0.0,0.249,0.137,117.64
Bad Habit,Ben Platt,SAD,414515,262760,2019,46,0.339,0.495,5,-6.374,1,0.0325,0.379,0.0,0.102,0.121,134.336
Words Fail,Ben Platt,SAD,301993,351920,2017,51,0.368,0.237,0,-9.49,1,0.0389,0.792,0.0,0.122,0.328,95.871
The Night We Met,Lord Huron,SAD,87447,208212,2015,75,0.545,0.366,2,-9.51,1,0.0378,0.969,0.267,0.6409999999999999,0.1,86.99700000000001
Apocalypse,Cigarettes After Sex,SAD,255746,290147,2017,81,0.369,0.467,5,-9.018,1,0.0274,0.0194,0.46,0.109,0.174,94.473
Get You The Moon (feat. SnÃ¸w),"Kina, SnÃ¸w",SAD,87772,179080,2018,85,0.498,0.235,1,-16.541,0,0.188,0.72,0.0,0.144,0.0895,118.917
Can We Kiss Forever?,"Kina, Adriana Proenza",SAD,97549,187932,2018,84,0.522,0.128,4,-18.717,1,0.0357,0.894,0.026,0.0941,0.124,109.986
Someone You Loved,Lewis Capaldi,SAD,1910,182160,2019,84,0.501,0.405,1,-5.679,1,0.0319,0.751,0.0,0.105,0.446,109.891
Daddy Issues,The Neighbourhood,SAD,1512,260173,2015,85,0.588,0.521,10,-9.461,1,0.0329,0.0678,0.149,0.123,0.337,85.012
Dead and Cold,SadBoyProlific,SAD,355339,89625,2018,72,0.622,0.467,2,-9.889,0,0.568,0.872,2.15e-06,0.0931,0.716,87.967
Alone,Lund,SAD,220131,254000,2016,50,0.741,0.354,2,-15.505,1,0.0812,0.656,0.702,0.384,0.037,120.018
R.I.P. (feat. Trippie Redd),"Joji, Trippie Redd",SAD,144089,158726,2018,68,0.716,0.515,11,-9.651,0,0.0305,0.618,0.257,0.136,0.383,99.284
Clocks,Coldplay,SAD,269,307879,2002,79,0.577,0.749,5,-7.215,0,0.0279,0.599,0.0115,0.183,0.255,130.97
Give Me Love,Ed Sheeran,SAD,1147468,526387,2011,69,0.526,0.328,1,-9.864,1,0.0461,0.694,0.0,0.112,0.11,116.068
Berlin,RY X,SAD,232743,174172,2016,57,0.393,0.0668,7,-20.755,1,0.0404,0.963,0.105,0.107,0.0384,136.938
Over My Head (Cable Car),The Fray,SAD,252134,238067,2016,29,0.592,0.705,8,-4.151,1,0.0471,0.0228,0.0,0.0607,0.697,116.051
Need You Now,Dean Lewis,SAD,293728,203263,2017,51,0.601,0.317,10,-8.945,1,0.0497,0.911,0.0,0.181,0.381,137.95
all the kids are depressed,Jeremy Zucker,SAD,327780,169973,2018,72,0.773,0.437,9,-8.281,1,0.0963,0.836,2.42e-05,0.544,0.707,103.861
Last Time,Anson Seabra,SAD,415553,226323,2019,23,0.546,0.138,3,-14.458,1,0.0665,0.922,1.45e-06,0.105,0.529,136.073
All I Want,Kodaline,SAD,93575,305747,2013,79,0.188,0.411,0,-9.733,1,0.0484,0.174,0.153,0.0843,0.159,187.376
All I Want,"Olivia Rodrigo, Disney",SAD,462056,177323,2020,72,0.376,0.43,0,-6.585,0,0.0328,0.0902,0.0,0.0912,0.129,77.599
Coaster,Khalid,SAD,87697,199120,2017,76,0.441,0.219,8,-14.586,1,0.0419,0.935,0.0,0.115,0.244,94.021
8 Letters,Why Don't We,SAD,321099,190027,2018,73,0.607,0.478,1,-5.702,0,0.031,0.649,0.0,0.0928,0.255,88.979
Dancing On My Own,Calum Scott,SAD,350213,260285,2018,79,0.681,0.174,1,-8.745,1,0.0315,0.837,3.35e-05,0.0983,0.231,112.672
If the World Was Ending (feat. Julia Michaels),"JP Saxe, Julia Michaels",SAD,87859,208687,2019,89,0.464,0.473,1,-10.086,1,0.129,0.866,0.0,0.109,0.604,75.801
everything i wanted,Billie Eilish,SAD,384323,245426,2019,83,0.704,0.225,6,-14.454,0,0.0994,0.902,0.657,0.106,0.243,120.006
Mind Over Matter,Young the Giant,SAD,109698,244693,2014,69,0.466,0.763,0,-4.448,1,0.0318,0.000501,0.0,0.0973,0.293,154.914
Ghosts,BANNERS,SAD,245795,250600,2016,47,0.514,0.312,0,-7.863,1,0.0264,0.217,0.0,0.065,0.0682,77.02
Atlas: Touch,Sleeping At Last,SAD,163900,253892,2015,46,0.398,0.0933,0,-11.879,1,0.0442,0.958,4.63e-06,0.0893,0.185,81.76
Yours,Russell Dickerson,SAD,263910,216960,2017,64,0.554,0.722,11,-6.005,1,0.034,0.119,0.0,0.0861,0.558,134.058
That's Us,Anson Seabra,SAD,415242,270462,2019,35,0.621,0.108,10,-15.399,1,0.0493,0.968,1.67e-05,0.137,0.204,129.285
Look After You,The Fray,SAD,252006,268293,2016,38,0.431,0.591,6,-3.02,0,0.0322,0.0599,2.91e-06,0.0981,0.274,77.993
Waves,Dean Lewis,SAD,406440,240013,2019,74,0.518,0.729,11,-7.193,0,0.0452,0.183,0.0,0.0643,0.343,156.879
Worst of You,Maisie Peters,SAD,342926,197369,2018,59,0.741,0.466,4,-7.258,1,0.0357,0.558,0.0,0.0583,0.351,102.058
Silhouette,Aquilo,SAD,273443,230417,2017,59,0.234,0.414,1,-8.371,1,0.0476,0.702,0.0,0.0391,0.144,78.216
Before You Go,Lewis Capaldi,SAD,406375,215107,2019,83,0.459,0.575,3,-4.858,1,0.0573,0.604,0.0,0.0885,0.183,111.881
Medicine,Daughter,SAD,40376,258973,2012,60,0.216,0.301,3,-12.464,1,0.0294,0.105,0.219,0.563,0.202,79.869
Gum,Moose Blood,SAD,127047,181387,2014,53,0.501,0.667,4,-6.196,1,0.0284,0.00848,0.0,0.281,0.283,82.522
NYLA,blackbear,SAD,384597,252097,2019,39,0.555,0.185,9,-11.521,1,0.0344,0.37,0.0,0.469,0.188,119.418
Cherry,Moose Blood,SAD,127062,159711,2014,49,0.372,0.247,4,-12.633,1,0.0336,0.896,0.00162,0.082,0.241,181.763
worldstar money (interlude),Joji,SAD,47834,126312,2018,62,0.5770000000000001,0.387,7,-8.607000000000001,1,0.274,0.964,0.705,0.208,0.459,146.565
It's Ok,Tom Rosenthal,SAD,155104,191352,2014,68,0.561,0.111,8,-15.11,0,0.0324,0.871,0.205,0.103,0.0607,148.191
better off,"Jeremy Zucker, Chelsea Cutler",SAD,116474,193947,2018,73,0.708,0.322,8,-12.46,0,0.0371,0.747,9.24e-05,0.1369999999999999,0.46,98.892
Palace,Sam Smith,SAD,39924,187157,2017,58,0.345,0.193,6,-10.236,0,0.0328,0.74,4.2e-06,0.117,0.268,77.547
In My Head,Peter Manos,SAD,144046,214533,2018,71,0.499,0.181,9,-15.359000000000002,0,0.0429,0.745,0.00123,0.106,0.0747,111.956
Wait,M83,SAD,1131809,343253,2011,61,0.437,0.229,2,-10.514,1,0.0308,0.221,0.0599,0.0935,0.0754,147.911
K.,Cigarettes After Sex,SAD,215605,319560,2016,47,0.454,0.404,3,-10.26,1,0.027,0.146,0.819,0.141,0.313,94.113
Seigfried,Frank Ocean,SAD,116289,334570,2016,66,0.377,0.255,4,-11.165,0,0.0387,0.975,0.000208,0.102,0.37,125.004
Mystery of Love,Sufjan Stevens,SAD,293572,248965,2017,57,0.365,0.273,4,-16.526,0,0.038,0.94,0.431,0.109,0.238,132.285
Leray,Trippie Redd,SAD,161331,122707,2019,66,0.774,0.195,4,-12.233,1,0.087,0.789,0.00103,0.109,0.369,132.847
Vas,jagger finn,SAD,406382,90324,2019,76,0.514,0.424,0,-10.645,1,0.0282,0.918,0.849,0.126,0.416,71.114
I Still Love You,Phora,SAD,608694,325969,2023,32,0.623,0.634,10,-6.675,0,0.0372,0.571,0.00376,0.255,0.69,169.975
If You Want Love,NF,SAD,284844,199387,2017,74,0.551,0.386,0,-10.22,1,0.132,0.659,0.0,0.125,0.245,116.409
Two Ghosts,Harry Styles,SAD,293530,229813,2017,70,0.386,0.407,6,-7.095,0,0.0268,0.234,1.86e-06,0.0999,0.456,69.387
Life is Beautiful,Lil Peep,SAD,328656,207587,2018,70,0.533,0.638,10,-9.411,1,0.0636,0.0385,0.000932,0.0758,0.324,135.056
Honesty,Pink Sweat$,SAD,483669,189000,2021,67,0.66,0.139,6,-16.339,0,0.0323,0.964,1.1e-05,0.105,0.312,79.975
Leave,Post Malone,SAD,106922,324853,2016,67,0.535,0.55,4,-7.249,1,0.0229,0.246,0.000105,0.124,0.619,90.086
One Day,Tate McRae,SAD,97466,202496,2017,76,0.52,0.119,0,-12.148,1,0.0407,0.922,0.0,0.0883,0.355,69.217
Trying My Best,Anson Seabra,SAD,415224,222468,2019,37,0.691,0.0682,5,-18.186,1,0.0645,0.951,0.0,0.0916,0.352,76.94
Girl Crush,Little Big Town,SAD,118813,193320,2014,67,0.5,0.225,0,-10.22,1,0.0302,0.842,0.0,0.112,0.355,173.788
Please Notice,Christian Leave,SAD,245689,116667,2016,70,0.55,0.271,2,-8.451,1,0.0297,0.843,3.21e-06,0.107,0.198,111.344
Worthy Of You,Plested,SAD,329675,190619,2018,48,0.451,0.452,1,-9.363,0,0.0574,0.439,0.0,0.478,0.386,57.523
How Could You Leave Us,NF,SAD,243968,322587,2016,65,0.536,0.708,6,-7.882,1,0.758,0.513,0.0,0.0951,0.09,78.33
Heather,Conan Gray,SAD,461994,198040,2020,85,0.357,0.425,5,-7.301,1,0.0333,0.584,0.0,0.322,0.27,102.078
Moral of the Story (feat. Niall Horan),"Ashe, Niall Horan",SAD,439878,198515,2020,63,0.599,0.374,10,-8.896,1,0.0385,0.495,0.0,0.221,0.224,119.9
feel something,Bea Miller,SAD,377738,180161,2019,66,0.74,0.415,0,-8.914,1,0.0707,0.242,0.000156,0.319,0.156,136.029
Teenage Mind,Tate McRae,SAD,350242,155205,2018,68,0.671,0.335,4,-9.719,0,0.0605,0.756,1.85e-06,0.109,0.115,119.369
Chosen Last,Sara Kays,SAD,454930,226847,2020,52,0.652,0.546,11,-6.497,1,0.0264,0.666,2.28e-06,0.112,0.264,99.03
As the World Caves In,Matt Maltese,SAD,273419,218755,2017,70,0.331,0.45,10,-5.362,1,0.034,0.365,0.00464,0.22,0.18,123.829
Mr Loverman,Ricky Montgomery,SAD,245684,216880,2016,76,0.639,0.526,0,-6.697,1,0.0256,0.245,2.43e-05,0.25,0.488,130.033
Selfish,Madison Beer,SAD,462188,223270,2020,61,0.375,0.461,9,-6.202,1,0.0279,0.627,0.0,0.386,0.233,75.217
Tequila,Dan + Shay,SAD,320115,196747,2018,69,0.489,0.581,11,-5.731,1,0.0281,0.0312,0.0,0.132,0.494,86.016
Portland Nights,Genevieve Stokes,SAD,508968,101285,2021,48,0.368,0.112,0,-16.447,1,0.0595,0.986,0.000347,0.101,0.264,75.157
Arcade,Duncan Laurence,SAD,406428,183624,2019,77,0.45,0.329,9,-12.603,0,0.0441,0.818,0.00109,0.135,0.266,71.884
I've Given Up on You,Real Friends,SAD,73689,164000,2013,53,0.527,0.377,5,-9.762,1,0.0253,0.563,0.0,0.0799,0.313,143.977
Break My Heart Again,FINNEAS,SAD,107136,238013,2018,76,0.402,0.151,4,-14.227,0,0.0395,0.907,0.0,0.0941,0.483,144.293
Hung up on You,Tate McRae,SAD,77694,201256,2017,59,0.6729999999999999,0.285,9,-9.69,0,0.0565,0.7559999999999999,2.05e-06,0.0733,0.123,79.002
You Broke My Heart Again,"Teqkoi, Aiko",SAD,116443,103400,2018,74,0.451,0.143,3,-15.685,1,0.235,0.956,0.0,0.195,0.233,149.509
"I'm Sorry, I'm Trying","nothing,nowhere.",SAD,231911,204964,2016,50,0.615,0.521,2,-8.849,1,0.0483,0.31,1.6e-06,0.0978,0.182,139.438
Dear Society,Madison Beer,SAD,377869,179577,2019,57,0.651,0.594,7,-6.374,0,0.0491,0.163,0.0,0.133,0.416,145.942
Sober,Demi Lovato,SAD,350298,197893,2018,64,0.397,0.303,1,-10.413,1,0.11,0.798,4.16e-06,0.0824,0.17,170.22
Falling For Boys,Julia Michaels,SAD,378226,183720,2019,45,0.646,0.485,0,-6.647,1,0.0829,0.501,0.0,0.121,0.408,148.13
Jealous,Labrinth,SAD,87358,287693,2014,79,0.435,0.155,1,-8.948,1,0.046,0.873,0.0,0.107,0.0935,128.532
Atlantis,Seafret,SAD,232723,229173,2016,85,0.4,0.479,8,-7.989,0,0.0308,0.0529,2.14e-06,0.115,0.213,166.159
Happiest Year,Jaymes Young,SAD,107146,228443,2019,79,0.501,0.1669999999999999,1,-14.061,1,0.0484,0.885,0.0,0.111,0.356,112.275
December,Neck Deep,SAD,197631,218955,2015,70,0.542,0.439,2,-7.728,1,0.0272,0.626,0.0,0.109,0.466,144.949
you were good to me,"Jeremy Zucker, Chelsea Cutler",SAD,107139,219147,2019,78,0.561,0.0848,2,-15.099,1,0.0404,0.913,2.62e-05,0.112,0.206,102.128
Falling,Harry Styles,SAD,406378,240133,2019,82,0.567,0.267,4,-6.502,1,0.0299,0.839,1.46e-06,0.089,0.0592,110.011
July,Noah Cyrus,SAD,88028,156106,2020,83,0.708,0.186,9,-8.953,0,0.042,0.868,0.0,0.0779,0.322,72.541
Bruises,Lewis Capaldi,SAD,406387,220492,2019,79,0.736,0.308,4,-7.83,1,0.0677,0.946,0.0,0.186,0.361,111.202
tear myself apart,Tate McRae,SAD,16045,168547,2019,69,0.478,0.504,9,-6.91,0,0.0305,0.162,0.0,0.119,0.309,86.04799999999999
scared,Jeremy Zucker,SAD,135356,207520,2019,74,0.583,0.075,5,-15.843,1,0.0726,0.933,1.4e-06,0.111,0.347,108.418
Ease My Mind,Ben Platt,SAD,414509,276800,2019,45,0.38,0.257,7,-8.4,1,0.0322,0.544,0.0,0.117,0.112,146.174
"I miss you, Iâm sorry",Gracie Abrams,SAD,462026,167538,2020,75,0.445,0.455,7,-6.405,1,0.0575,0.731,1.47e-06,0.124,0.151,109.885
3:00 AM,Finding Hope,SAD,260306,201951,2017,63,0.55,0.147,0,-18.675,0,0.0404,0.563,0.00102,0.286,0.0346,81.991
Temporary Love,Ben Platt,SAD,414523,218827,2019,44,0.634,0.505,0,-7.753,0,0.0341,0.506,1.8e-06,0.116,0.136,89.045
ghostin,Ariana Grande,SAD,350391,271467,2018,54,0.396,0.358,9,-8.294,1,0.0292,0.422,1.71e-05,0.19,0.111,103.807
the broken hearts club,gnash,SAD,135369,184695,2019,72,0.62,0.288,4,-9.431,1,0.123,0.8009999999999999,0.0,0.37,0.691,100.385
drivers license,Olivia Rodrigo,SAD,515574,242013,2021,84,0.561,0.431,10,-8.81,1,0.0578,0.768,1.42e-05,0.106,0.137,143.875
Your Power,Billie Eilish,SAD,494166,245897,2021,73,0.632,0.284,9,-14.025,0,0.0801,0.932,0.000476,0.233,0.208,129.642
traitor,Olivia Rodrigo,SAD,515570,229227,2021,84,0.38,0.339,3,-7.885,1,0.0338,0.691,0.0,0.12,0.0849,100.607
A Soulmate Who Wasnât Meant to Be,Jess Benko,SAD,415098,316556,2019,67,0.571,0.0274,9,-20.274,0,0.0649,0.948,6.43e-06,0.322,0.087,124.209
Lonely,Noah Cyrus,SAD,462077,144377,2020,67,0.53,0.281,5,-8.274,1,0.0577,0.798,0.0,0.0928,0.341,122.442
Already Gone,Sleeping At Last,SAD,163867,240791,2015,53,0.447,0.206,3,-11.75,1,0.0519,0.956,4.56e-06,0.107,0.327,66.734
Coffee Cups and Cigarettes,Tomo,SAD,441671,207598,2020,56,0.459,0.063,8,-14.446,1,0.0366,0.995,0.803,0.108,0.15,131.704
Don't Watch Me Cry,Jorja Smith,SAD,63043,190430,2018,69,0.5589999999999999,0.157,1,-10.132,1,0.0414,0.887,0.0,0.107,0.348,130.877
champagne problems,Taylor Swift,SAD,462008,244000,2020,76,0.462,0.24,0,-12.077,1,0.0377,0.92,0.0,0.113,0.32,171.319
All Too Well (Sad Girl Autumn Version) - Recorded at Long Pond Studios,Taylor Swift,SAD,515859,598150,2021,60,0.585,0.286,0,-10.123,1,0.0312,0.838,0.0,0.115,0.189,93.009
Love In The Dark,Adele,SAD,197521,285935,2015,75,0.331,0.341,9,-6.057,0,0.0309,0.528,0.0,0.109,0.152,109.821
Matilda,Harry Styles,SAD,569219,245964,2022,81,0.507,0.294,2,-10.0,1,0.04,0.896,1.97e-05,0.0966,0.386,114.199
Glimpse of Us,Joji,SAD,569204,233456,2022,85,0.44,0.317,8,-9.258,1,0.0531,0.891,4.78e-06,0.141,0.268,169.914
If By Chance,Ruth B.,SAD,293570,303653,2017,68,0.405,0.279,10,-8.099,1,0.0334,0.881,0.0,0.0933,0.256,119.85
Dancing With Your Ghost,Sasha Alex Sloan,SAD,384327,197732,2019,78,0.629,0.328,11,-8.284,1,0.029,0.768,2.5e-05,0.103,0.389,74.953
i luv him.,Catie Turner,SAD,399220,225824,2019,54,0.647,0.176,0,-9.501,1,0.0751,0.854,0.0,0.199,0.441,122.795
Mean It,Gracie Abrams,SAD,406662,171139,2019,59,0.562,0.304,9,-9.504,0,0.0595,0.846,1.34e-06,0.1,0.128,123.078
Perfectly Wrong,Shawn Mendes,SAD,350359,212773,2018,63,0.361,0.311,2,-11.748,0,0.0369,0.872,0.0,0.0987,0.323,89.362
Broken,Anson Seabra,SAD,415251,305676,2019,32,0.481,0.0759,6,-14.2,1,0.0601,0.956,0.0,0.154,0.234,98.979
Say,Ruel,SAD,327814,227434,2018,57,0.617,0.315,3,-7.998,1,0.0326,0.771,0.0,0.0809,0.447,119.822
Tattoos,ReneÃ© Rapp,SAD,562005,173026,2022,63,0.54,0.401,11,-4.982,1,0.0536,0.623,0.0,0.437,0.354,84.417
I Can't Carry This Anymore,Anson Seabra,SAD,415100,200000,2019,61,0.451,0.0873,3,-16.815,1,0.063,0.907,2.46e-06,0.355,0.456,166.603
IDK You Yet,Alexander 23,SAD,462028,184638,2020,74,0.648,0.308,1,-11.729,1,0.04,0.886,0.0774,0.124,0.198,76.997
What A Time (feat. Niall Horan),"Julia Michaels, Niall Horan",SAD,116545,173307,2019,77,0.518,0.467,0,-6.184,1,0.0302,0.662,0.0,0.0853,0.386,132.85399999999998
Forever,Lewis Capaldi,SAD,406429,210863,2019,74,0.646,0.355,1,-7.119,1,0.0263,0.873,0.0,0.115,0.364,84.988
Lookalike,Conan Gray,SAD,350237,220867,2018,69,0.434,0.302,10,-10.117,1,0.0378,0.766,7.63e-06,0.149,0.173,121.645
Changes,Hayd,SAD,524068,214815,2021,65,0.624,0.115,6,-17.139,1,0.0446,0.941,3.47e-05,0.11,0.287,120.198
Water Fountain,Alec Benjamin,SAD,327775,218893,2018,75,0.723,0.504,8,-5.572,1,0.0392,0.388,7.4e-05,0.087,0.551,133.975
Complicated,Olivia O'Brien,SAD,197592,189000,2015,67,0.657,0.355,7,-12.044,1,0.0714,0.694,0.000427,0.123,0.0808,74.99
Wrong Direction,Hailee Steinfeld,SAD,462184,248987,2020,63,0.39,0.388,10,-9.017,1,0.0355,0.472,0.0,0.157,0.187,72.934
Remember That Night?,Sara Kays,SAD,454756,227186,2020,72,0.679,0.61,7,-10.936,0,0.0305,0.585,9.51e-05,0.156,0.554,123.978
Hard Sometimes,Ruel,SAD,406599,269493,2019,61,0.407,0.317,10,-7.895,1,0.0429,0.845,2.66e-06,0.139,0.216,81.899
Castle of Glass ,Linkin Park,SAD,36380,205400,2012,73,0.615,0.911,1,-3.584,0,0.0278,0.0686,0.00188,0.0908,0.685,108.0
Someone Like You ,Adele,SAD,1182,285240,2011,4,0.554,0.321,9,-8.251,1,0.028,0.893,0.0,0.0996,0.288,135.047
Kya Huya Tera Wada,Mohd. Rafi,SAD,570313,184911,2022,9,0.483,0.386,5,-12.31,1,0.0331,0.602,1.04e-05,0.393,0.148,97.841
Kal Ho Na Ho,Sonu Nigam,SAD,914300,323268,2006,26,0.566,0.532,0,-8.359,1,0.0335,0.32,7.2e-05,0.0912,0.311,82.093
Rosyln ,Bon Iver ,SAD,1037497,289560,2009,74,0.329,0.277,10,-13.111,0,0.0302,0.971,0.024,0.0971,0.121,159.719
All the tires horses ,Lisa O'Nell,SAD,578194,192000,2022,45,0.334,0.206,11,-11.941,0,0.0363,0.895,0.00886,0.116,0.128,102.34
Runaway ,Kanye West,SAD,86967,547733,2010,72,0.5710000000000001,0.568,1,-3.827,0,0.0703,0.218,0.0021,0.512,0.109,86.986
"Tu Na Jaane Aas Paas Hai Khuda
",Rahat Fateh Ali Khan,SAD,294530,319116,2017,9,0.556,0.706,5,-5.709,1,0.0336,0.335,1.8e-06,0.137,0.726,80.008
Humko Kiske Gham Ne Maara ,Ghulam Ali Khan,SAD,197974,438204,2015,26,0.391,0.48,5,-11.934,0,0.0324,0.919,0.0156,0.768,0.771,100.761
Ronan,Taylor Swift,SAD,462195,220040,2020,61,0.676,0.178,8,-15.01,1,0.0394,0.964,7.9e-06,0.135,0.404,118.84
Tu jo rutha,Arijit Singh,SAD,197962,308485,2015,50,0.612,0.782,2,-6.848,1,0.0702,0.28,0.0,0.187,0.6,85.967
Zindagi ek safar,Kishore Kumar ,SAD,65602,239533,1970,25,0.36,0.404,7,-9.475,0,0.0301,0.924,0.000892,0.234,0.349,106.711
Zindagi ek safar hai suhana  ,Kishore Kumar ,SAD,293810,260400,2017,34,0.546,0.745,5,-9.557,0,0.0927,0.86,0.0226,0.385,0.791,118.072
Stairway to heaven ,led Zeppelin ,SAD,603435,482830,2023,14,0.339,0.34,7,-12.049,1,0.034,0.582,0.00297,0.116,0.198,83.495
Some nights ,FUN,SAD,40353,277040,2012,68,0.672,0.738,0,-7.045,1,0.0506,0.0178,6.75e-05,0.0927,0.392,107.938
Ek pyar ka nagama hai ,Lata mangeshkar ,SAD,50854,355453,1972,27,0.384,0.383,2,-10.866,1,0.0331,0.835,0.000214,0.452,0.486,96.961
Musafir,Atif Aslam,SAD,914255,229147,2006,27,0.644,0.879,2,-4.075,1,0.0863,0.461,3.36e-05,0.27,0.537,104.937
Tere naam,Udit narayan ,SAD,782920,393707,2003,55,0.489,0.767,4,-8.309,1,0.138,0.645,0.000482,0.108,0.556,175.877
Kal ho naa ho,Sonu Nigam ,SAD,914300,323268,2006,26,0.566,0.532,0,-8.359,1,0.0335,0.32,7.2e-05,0.0912,0.311,82.093
Pluto projector ,Rex Orange County,SAD,406389,267520,2019,76,0.379,0.219,5,-11.196,1,0.0307,0.707,0.000691,0.118,0.188,79.786
Coldplay,Chris Martin,SAD,735341,369240,2002,0,0.672,0.769,9,-4.735,0,0.0319,0.743,0.0,0.141,0.71,114.604
"Ek pyar ka naghma hai
",Lata Mangeshkar ,SAD,50854,355453,1972,27,0.384,0.383,2,-10.866,1,0.0331,0.835,0.000214,0.452,0.486,96.961
Breakeven,The Script,SAD,981708,261427,2008,72,0.63,0.696,10,-4.501,1,0.0242,0.144,0.0,0.0835,0.491,94.034
Watch Over You ,Alter Bridge,SAD,585183,259133,2023,0,0.172,0.656,7,-5.421,1,0.0368,0.0837,0.000503,0.161,0.128,172.33
Numb,Linkin Park,SAD,416,185586,2003,81,0.496,0.863,9,-4.153,1,0.0381,0.0046,0.0,0.639,0.243,110.018
No surprises  ,Radiohead,SAD,85717,229120,1997,71,0.255,0.393,5,-10.654000000000002,1,0.0278,0.0577,0.00361,0.113,0.118,76.426
Teri Yaadon mein,KK ,SAD,914181,287213,2006,55,0.576,0.735,11,-5.811,0,0.0352,0.0233,0.00118,0.188,0.301,105.058
Pehli Nazar Mein,Atif aslam,SAD,1007802,312893,2008,69,0.488,0.57,9,-5.602,1,0.0775,0.251,0.0,0.107,0.668,169.702
You Can't Take Me,Bryan Adams ,SAD,739396,176493,2002,55,0.5,0.729,4,-7.274,0,0.0314,0.141,2.07e-06,0.128,0.441,160.161
Please forgive me ,Bryan Adams ,SAD,869119,355640,2005,52,0.587,0.456,9,-7.011,1,0.0262,0.516,0.0,0.104,0.144,134.11
He Stopped Loving Her Today,George Jones,SAD,758853,195760,2003,20,0.346,0.208,8,-14.705,1,0.0343,0.777,9.09e-05,0.244,0.382,144.134
Memories,Maroon 5,SAD,515583,189486,2021,84,0.775,0.327,11,-7.241,1,0.0557,0.841,0.0,0.0821,0.595,91.05
Skinny Love,Bon Iver & St. Vincent,SAD,86863,289560,2009,71,0.329,0.277,10,-13.111,0,0.0302,0.971,0.024,0.0971,0.121,159.719
listen before i go,FINNEAS,SAD,406271,229625,2019,22,0.425,0.0117,9,-24.166,0,0.0751,0.996,0.961,0.104,0.131,205.213
lovely (with Khalid),Billie Eilish,SAD,1819,200185,2018,86,0.351,0.296,4,-10.109,0,0.0333,0.934,0.0,0.095,0.12,115.284
Out Of Love,"Billie Eilish, Khalid",SAD,1819,200185,2018,86,0.351,0.296,4,-10.109,0,0.0333,0.934,0.0,0.095,0.12,115.284
Can We Kiss Forever?,"Kina, SnÃ¸w",SAD,355344,187932,2018,74,0.522,0.128,4,-18.717,1,0.0357,0.894,0.026,0.0941,0.124,109.986
Alone,SadBoyProlific,SAD,355342,160061,2018,65,0.874,0.358,9,-13.642,1,0.459,0.494,0.00196,0.336,0.437,119.091
R.I.P. (feat. Trippie Redd),Lund,SAD,350271,158726,2018,62,0.716,0.515,11,-9.651,0,0.0305,0.618,0.257,0.136,0.383,99.284
Berlin,Ed Sheeran,SAD,293641,191147,2017,64,0.747,0.76,1,-4.294,1,0.187,0.448,0.0,0.153,0.682,99.975
all the kids are depressed,Dean Lewis,SAD,1011994,129808,2008,5,0.484,0.299,4,-14.984,1,0.281,0.941,0.892,0.311,0.565,103.845
All I Want,Anson Seabra,SAD,1061202,233960,2009,36,0.604,0.622,7,-7.782,1,0.0469,0.0943,0.00577,0.204,0.424,126.238
If the World Was Ending (feat. Julia Michaels),Calum Scott,SAD,406415,208687,2019,76,0.464,0.473,1,-10.086,1,0.129,0.866,0.0,0.109,0.604,75.801
Ghosts,Young the Giant,SAD,110000,250747,2014,37,0.68,0.861,6,-4.547,0,0.0467,0.00284,5.79e-05,0.181,0.819,123.995
Yours,Sleeping At Last,SAD,57910,259915,2013,14,0.187,0.216,10,-18.329,1,0.0396,0.867,0.95,0.0611,0.0383,135.485
Always,Russell Dickerson,SAD,264435,198000,2017,34,0.548,0.772,1,-4.948,1,0.0553,0.0771,0.0,0.21,0.594,160.075
Waves,The Fray,SAD,998259,272547,2008,15,0.0973,0.914,2,-3.247,1,0.0564,3.08e-05,0.711,0.122,0.0998,186.179
Silhouette,Maisie Peters,SAD,455225,157940,2020,46,0.731,0.649,7,-3.651,1,0.114,0.315,0.0,0.121,0.412,137.9
Medicine,Lewis Capaldi,SAD,293741,219813,2017,60,0.628,0.57,6,-7.99,1,0.0375,0.0707,0.0,0.182,0.369,96.129
Gum,Daughter,SAD,40582,258973,2012,43,0.676,0.424,7,-11.845,0,0.0259,0.273,0.142,0.116,0.255,103.609
NYLA,Moose Blood,SAD,232420,189973,2016,24,0.618,0.869,6,-5.08,1,0.0329,0.000189,0.000835,0.0892,0.689,110.014
Palace,"Jeremy Zucker, Chelsea Cutler",SAD,55486,219067,2019,67,0.718,0.166,6,-15.82,0,0.0344,0.887,0.0216,0.131,0.237,97.947
Seigfried,Cigarettes After Sex,SAD,368590,254627,2019,53,0.521,0.211,6,-13.489,0,0.0324,0.544,0.836,0.101,0.0412,134.285
Mystery of Love,Frank Ocean,SAD,967185,215373,2007,0,0.441,0.169,0,-13.483,1,0.0262,0.682,0.0,0.344,0.0873,86.863
Leray,Sufjan Stevens,SAD,831956,168733,2004,18,0.427,0.229,6,-15.19,1,0.0319,0.824,0.828,0.394,0.211,129.412
If You Want Love,Phora,SAD,284844,199387,2017,74,0.551,0.386,0,-10.22,1,0.132,0.659,0.0,0.125,0.245,116.409
Honesty,Lil Peep,SAD,272539,128680,2017,62,0.545,0.771,9,-6.411,1,0.0469,7.26e-05,8.47e-06,0.101,0.357,158.262
Leave,Pink Sweat$,SAD,483883,169749,2021,50,0.78,0.389,6,-8.877,0,0.0776,0.491,0.00242,0.0699,0.188,121.919
How Could You Leave Us,Plested,SAD,243968,322587,2016,65,0.536,0.708,6,-7.882,1,0.758,0.513,0.0,0.0951,0.09,78.33
Heather,NF,SAD,55284,259107,2016,56,0.446,0.363,1,-10.014,1,0.0783,0.516,2.03e-06,0.374,0.0362,126.772
As the World Caves In,Sara Kays,SAD,273419,218755,2017,70,0.331,0.45,10,-5.362,1,0.034,0.365,0.00464,0.22,0.18,123.829
Selfish,Ricky Montgomery,SAD,245743,276467,2016,55,0.592,0.649,8,-5.724,1,0.0292,0.316,0.0,0.112,0.409,149.95
Break My Heart Again,Real Friends,SAD,107136,238013,2018,76,0.402,0.151,4,-14.227,0,0.0395,0.907,0.0,0.0941,0.483,144.293
You Broke My Heart Again,Tate McRae,SAD,316551,103400,2018,66,0.55,0.143,3,-15.685,1,0.241,0.956,0.0,0.195,0.224,74.918
Blackout,Madison Beer,SAD,488276,229882,2021,53,0.64,0.501,7,-7.86,1,0.0624,0.15,0.0,0.16,0.346,114.031
ghostin,Ben Platt,SAD,414540,229573,2019,39,0.455,0.48,0,-5.583,1,0.0321,0.537,0.0,0.15,0.203,150.066
drivers license,gnash,SAD,518627,237644,2021,53,0.598,0.787,10,-4.695,1,0.0548,0.0175,0.0,0.0887,0.298,144.021
A Soulmate Who Wasnât Meant to Be,FINNEAS,SAD,415098,316556,2019,67,0.571,0.0274,9,-20.274,0,0.0649,0.948,6.43e-06,0.322,0.087,124.209
Lonely,Jess Benko,SAD,415181,295008,2019,39,0.682,0.0907,0,-16.591,1,0.0402,0.987,0.0106,0.0681,0.215,117.876
Arcade,Sleeping At Last,SAD,110678,292415,2014,42,0.0802,0.366,0,-11.943,1,0.0333,0.376,0.932,0.141,0.0373,81.344
All Too Well (Sad Girl Autumn Version) - Recorded at Long Pond Studios,The Wild Conductor,SAD,515859,598150,2021,60,0.585,0.286,0,-10.123,1,0.0312,0.838,0.0,0.115,0.189,93.009
Love In The Dark,Taylor Swift,SAD,146801,267107,2014,64,0.474,0.48,2,-8.894,1,0.0622,0.707,0.000108,0.0903,0.319,170.109
Mean It,Catie Turner,SAD,399223,207837,2019,53,0.361,0.177,11,-12.023,0,0.0346,0.927,0.0,0.0911,0.32,113.36
Broken,Shawn Mendes,SAD,433835,214751,2020,51,0.492,0.672,2,-6.779,1,0.0366,0.539,0.000212,0.116,0.229,140.027
Lookalike,Lewis Capaldi,SAD,406537,179908,2019,66,0.708,0.339,9,-7.085,1,0.0409,0.834,0.0,0.128,0.512,117.995
Changes,Conan Gray,SAD,111613,476467,2014,25,0.298,0.641,8,-12.499,1,0.0365,0.0165,0.849,0.154,0.128,119.981
Painkiller,Ruel,SAD,377725,213507,2019,68,0.683,0.42,5,-6.51,1,0.0542,0.0875,0.0,0.225,0.469,128.621
Scared to be lonely,Martin Garrix,SCARED,1755,220883,2017,77,0.584,0.54,1,-7.786,0,0.0576,0.0895,0.0,0.261,0.195,137.972
"Tajdar-E-Haram

",Atif Aslam,SCARED,197915,616509,2015,46,0.436,0.554,2,-6.635,1,0.0341,0.237,0.0,0.116,0.396,100.059
Thiunder,Imagine Dragons,SCARED,1706,187146,2017,1,0.6,0.81,0,-4.749,1,0.0479,0.00683,0.21,0.155,0.298,167.88
Hide and seek artist,Lizz Robinett,SCARED,7601,138800,2015,59,0.625,0.726,1,-2.144,1,0.031,0.335,0.0,0.273,0.5589999999999999,119.994
Don't move,Jeremy zucker,SCARED,271696,140360,2017,50,0.75,0.431,5,-10.093,1,0.312,0.778,0.0,0.132,0.554,124.088
Dance of death, Iron maiden,SCARED,1138018,517173,2011,16,0.298,0.868,4,-5.055,0,0.0879,0.0705,0.00691,0.139,0.3,130.457
Counting stars ,One republic ,SCARED,1432,257386,2014,62,0.663,0.705,1,-4.972,0,0.0385,0.0654,0.0,0.117,0.477,122.014
 One, Metallica,SCARED,167447,317200,1996,38,0.552,0.907,1,-5.476,1,0.0329,0.00145,0.00353,0.0481,0.591,84.469
River flows in you,Yiruma,SCARED,38086,187431,2012,13,0.311,0.215,9,-21.376,1,0.0501,0.987,0.965,0.088,0.111,145.128
Sawan Aaya Hain,Arjeet singh,SCARED,147022,288177,2014,54,0.365,0.67,10,-7.51,0,0.221,0.26,1.43e-06,0.14,0.367,78.776
Top Tucker,Mohit Chauhan ,SCARED,350578,223499,2018,48,0.721,0.657,11,-8.304,1,0.0319,0.0322,0.00109,0.0618,0.454,132.97
Hanuman chalisa ,Hariharan,SCARED,67799,586076,1992,53,0.589,0.885,4,-3.4,1,0.035,0.545,0.0,0.132,0.831,91.01
Love$ick ,Mura Masa and A$AP Rocky,SCARED,305223,192160,2017,72,0.625,0.763,8,-4.997,0,0.129,0.147,0.0106,0.214,0.721,88.753
Losing it,Fisher,SCARED,327324,248036,2018,72,0.76,0.964,2,-5.844,1,0.0577,0.00181,0.703,0.0975,0.643,125.003
Lord I hope this day is good. ,Don Williams,SCARED,801146,243133,2004,25,0.575,0.459,2,-14.314,1,0.0299,0.359,0.00175,0.177,0.712,174.986
What a beautiful name,Hillsong,SCARED,125824,238200,2017,64,0.424,0.506,2,-5.877000000000002,1,0.0284,0.201,0.0,0.11,0.138,135.90200000000002
Hero ,Mariah Carey,SCARED,85280,257733,1993,71,0.501,0.378,4,-9.37,1,0.029,0.735,0.0,0.119,0.178,119.987
Without me,Eminem,SCARED,201,290320,2002,87,0.908,0.669,7,-2.827,1,0.0738,0.00286,0.0,0.237,0.662,112.238
We are the champions ,queen,SCARED,93453,180667,1977,51,0.476,0.455,10,-7.845,1,0.0298,0.255,0.0,0.101,0.189,94.504
Little lion man ,Mumford and sons,SCARED,998,245173,2009,68,0.517,0.492,5,-8.05,1,0.0272,0.0275,3.19e-05,0.0873,0.455,138.585
Rescue,Don moen ,SCARED,21169,331733,1990,39,0.725,0.652,1,-10.017,1,0.05,0.0201,6.759999999999999e-05,0.108,0.355,117.946
Samson Delilah,Davis,SCARED,837531,243360,2005,2,0.711,0.258,7,-12.447,1,0.0541,0.88,0.000303,0.126,0.737,112.079
Everythinggoes ,RM,SCARED,483799,113325,2021,53,0.66,0.144,9,-13.126,1,0.0419,0.889,0.951,0.101,0.196,140.038
Tum Ko dekha to ye khayal aya,Jagjit Singh ,SCARED,570161,175576,2022,9,0.214,0.449,7,-8.426,1,0.0382,0.869,0.128,0.152,0.0663,85.249
doll,Shrimp,SCARED,385245,142452,2019,53,0.454,0.725,2,-8.24,1,0.0343,0.126,0.618,0.0808,0.129,155.0
talk every night,dyl dion,SCARED,537689,130351,2022,44,0.705,0.5,9,-9.164,1,0.0277,0.351,0.0172,0.237,0.68,105.016
Moonboy,Bennett Coast,SCARED,428990,132231,2020,53,0.507,0.375,9,-10.637,1,0.0256,0.855,0.00981,0.11,0.0519,90.006
Problems,Pinegrove,SCARED,162990,80490,2015,51,0.587,0.746,2,-5.435,1,0.0388,0.00771,2.17e-05,0.144,0.313,125.429
could you love me while i hate myself,Zeph,SCARED,508529,60333,2021,74,0.68,0.406,9,-11.313,1,0.0414,0.782,0.00019,0.11,0.551,119.901
Baby,Brandon,SCARED,429092,111711,2020,51,0.641,0.242,10,-10.066,1,0.0757,0.879,0.0,0.394,0.409,75.99
Mary,Alex G,SCARED,33749,197733,2012,71,0.693,0.467,4,-9.558,0,0.043,0.0497,0.452,0.107,0.402,105.958
ur so pretty,Wasia Project,SCARED,562160,132000,2022,57,0.322,0.231,4,-12.919,1,0.0347,0.932,0.00076,0.149,0.228,91.186
Steeeam,Shelly,SCARED,454805,170893,2020,59,0.817,0.763,5,-11.014,0,0.0373,0.546,0.158,0.124,0.923,120.034
Wet Cement,Gus Dapperton,SCARED,562377,273300,2022,47,0.623,0.558,11,-6.359,0,0.0259,0.0789,1.07e-06,0.142,0.433,131.937
Car Crash in G Major,fanclubwallet,SCARED,454879,132000,2020,53,0.709,0.517,7,-8.077,1,0.0335,0.277,0.118,0.484,0.429,105.369
Hearing Your Voice,Omar Apollo,SCARED,417565,241547,2019,49,0.566,0.36,4,-10.531,1,0.0418,0.669,1.31e-05,0.14,0.369,141.908
under your weather,dyl dion,SCARED,537969,174985,2022,41,0.816,0.54,8,-9.964,1,0.0309,0.724,0.000181,0.142,0.701,129.961
Intermission,Strawberry Guy,SCARED,399123,110181,2019,61,0.444,0.418,11,-7.219,1,0.026,0.261,0.823,0.112,0.236,98.958
at least i'm pretty,Harriette,SCARED,508565,106800,2021,63,0.86,0.422,1,-9.785,1,0.0296,0.541,0.00449,0.139,0.523,99.958
This Is Home,Cavetown,SCARED,190727,226073,2015,70,0.811,0.266,7,-12.478,1,0.0406,0.56,1.05e-06,0.0962,0.211,130.044
Swing Lynn,Harmless,SCARED,40358,321438,2012,73,0.464,0.945,2,-1.815,1,0.0401,0.0506,0.756,0.112,0.453,165.177
Coffee,beabadoobee,SCARED,293550,126825,2017,67,0.532,0.137,9,-18.208,1,0.0717,0.982,0.962,0.112,0.301,118.734
Fool,Frankie Cosmos,SCARED,245691,124022,2016,67,0.511,0.435,9,-10.254,1,0.0408,0.301,8.2e-05,0.255,0.343,120.207
School Rooftop,"Hisohkah, WMD",SCARED,466651,167967,2020,60,0.85,0.28,1,-8.77,1,0.23,0.0931,0.606,0.0867,0.28,82.872
Flaming Hot Cheetos,Clairo,SCARED,286611,123884,2017,73,0.817,0.551,7,-9.33,0,0.133,0.865,0.000151,0.101,0.142,109.966
pouring outside,dyl dion,SCARED,483673,156250,2021,64,0.783,0.589,7,-8.32,1,0.0381,0.677,0.0685,0.108,0.326,107.494
Lost in You,khai dreams,SCARED,286636,101000,2017,61,0.77,0.607,5,-12.02,0,0.115,0.337,0.0,0.121,0.791,90.028
YKWIM?,Yot Club,SCARED,406367,212750,2019,81,0.372,0.537,9,-7.623,1,0.0305,0.937,0.873,0.287,0.228,123.735
Heather,Conan Gray,SCARED,461994,198040,2020,85,0.357,0.425,5,-7.301,1,0.0333,0.584,0.0,0.322,0.27,102.078
Gilded Lily,Cults,SCARED,561971,212736,2022,81,0.4,0.571,11,-6.534,0,0.0288,0.468,3.05e-05,0.519,0.146,61.859
Space Song,Beach House,SCARED,190724,320467,2015,80,0.508,0.792,0,-7.311,0,0.0297,0.229,0.124,0.145,0.601,147.067
Where'd All the Time Go?,Dr. Dog,SCARED,1084659,234800,2010,75,0.454,0.82,2,-4.193,1,0.0567,0.132,0.000969,0.115,0.575,166.303
Become the Warm Jets,Current Joys,SCARED,342797,334902,2018,66,0.44,0.227,7,-15.486,1,0.0459,0.772,0.00144,0.0951,0.0844,132.354
Fantasy,khai dreams,SCARED,286655,170667,2017,57,0.35,0.429,7,-13.14,1,0.131,0.712,0.0,0.307,0.207,169.901
Kids,Current Joys,SCARED,106892,269143,2016,67,0.8270000000000001,0.66,6,-9.669,1,0.0337,0.508,0.403,0.0756,0.904,113.449
rises the moon,Liana Flores,SCARED,399062,161929,2019,81,0.483,0.129,5,-20.149,0,0.0349,0.947,0.145,0.106,0.203,137.35
SLOW DANCING IN THE DARK,Joji,SCARED,350202,209274,2018,82,0.515,0.479,3,-7.458,1,0.0261,0.544,0.00598,0.191,0.284,88.964
Vas,jagger finn,SCARED,406382,90324,2019,76,0.514,0.424,0,-10.645,1,0.0282,0.918,0.849,0.126,0.416,71.114
Here With Me,d4vd,SCARED,569188,242485,2022,92,0.574,0.469,4,-8.209,1,0.0254,0.534,9.21e-05,0.128,0.288,132.023
Loverboy,A-Wall,SCARED,406424,224520,2019,70,0.604,0.466,0,-10.093,1,0.0315,0.649,0.0334,0.093,0.499,120.045
Fear,Current Joys,SCARED,342803,216540,2018,66,0.716,0.447,2,-8.314,1,0.0388,0.701,0.429,0.0855,0.506,93.955
Juliet,Cavetown,SCARED,399075,278991,2019,74,0.546,0.586,6,-8.488,1,0.0313,0.00346,0.00114,0.0562,0.364,131.778
The Loser,Verzache,SCARED,220092,131587,2016,69,0.748,0.297,1,-10.613,1,0.132,0.485,0.27,0.138,0.114,123.983
Drifting Away,khai dreams,SCARED,286660,192500,2017,55,0.521,0.268,1,-15.199,1,0.0407,0.739,0.177,0.0718,0.272,119.879
I Can't Handle Change,Roar,SCARED,1095803,198213,2010,78,0.247,0.438,5,-8.478,1,0.0358,0.0447,0.000867,0.111,0.39,185.711
worldstar money (interlude),Joji,SCARED,47834,126312,2018,62,0.5770000000000001,0.387,7,-8.607000000000001,1,0.274,0.964,0.705,0.208,0.459,146.565
Mrs Magic,Strawberry Guy,SCARED,399065,208500,2019,76,0.471,0.634,8,-7.406,1,0.031,0.159,0.365,0.374,0.366,132.542
Christmas Kids,Roar,SCARED,1095804,135693,2010,76,0.425,0.754,2,-6.028,1,0.0367,0.0104,0.112,0.438,0.558,152.092
Pope Is a Rockstar,SALES,SCARED,70247,187333,2016,55,0.725,0.446,4,-8.958,0,0.0287,0.85,0.243,0.107,0.311,90.024
i was all over her,salvia palth,SCARED,73668,161463,2013,77,0.529,0.353,7,-12.835,1,0.0292,0.788,0.853,0.116,0.0601,104.557
F Song,Strawberry Guy,SCARED,342793,224655,2018,69,0.236,0.511,0,-10.788,0,0.0442,0.407,0.281,0.346,0.227,80.973
YEAH RIGHT,Joji,SCARED,350209,174358,2018,77,0.672,0.588,1,-9.573,1,0.133,0.619,0.241,0.0992,0.204,169.033
Please,jagger finn,SCARED,406679,176407,2019,55,0.536,0.65,0,-8.625,1,0.027,0.00863,0.85,0.249,0.367,112.985
For the First Time,Mac DeMarco,SCARED,271174,182307,2017,81,0.551,0.529,5,-10.469,0,0.0517,0.296,0.0093,0.178,0.521,75.515
Landlord,Yot Club,SCARED,406549,155917,2019,60,0.526,0.56,9,-9.839,1,0.026,0.825,0.015,0.493,0.735,90.882
Birch Tree,Strawberry Guy,SCARED,399126,280604,2019,60,0.491,0.619,8,-8.717,1,0.03,0.226,0.297,0.116,0.164,114.392
Kenny,Still Woozy,SCARED,508620,194133,2021,56,0.743,0.49,1,-10.845,1,0.0377,0.307,0.0393,0.108,0.394,120.028
New Flesh,Current Joys,SCARED,87539,167987,2013,71,0.62,0.594,9,-16.066,1,0.0383,0.887,0.5,0.0917,0.698,165.861
Still Beating,Mac DeMarco,SCARED,271176,181587,2017,71,0.709,0.496,1,-10.528,0,0.0417,0.581,0.191,0.151,0.469,78.477
Bubble Gum,Clairo,SCARED,399068,175961,2019,76,0.509,0.0167,9,-24.639,1,0.115,0.979,2.72e-05,0.387,0.229,207.97
Always Forever,Cults,SCARED,87537,223747,2013,78,0.174,0.742,8,-5.93,1,0.0485,0.00181,0.281,0.198,0.36,163.378
I Love You So,The Walters,SCARED,87418,160254,2014,70,0.578,0.669,10,-4.898,1,0.0377,0.65,0.0,0.13,0.503,75.995
Homage,Mild High Club,SCARED,235638,177493,2016,75,0.546,0.465,5,-8.167,1,0.0287,0.153,0.00259,0.321,0.415,73.369
Lover Is a Day,Cuco,SCARED,87614,456000,2016,73,0.406,0.647,3,-10.453,1,0.0413,0.0427,0.193,0.1,0.344,180.044
welcome and goodbye,"Dream, Ivory",SCARED,342791,140643,2018,69,0.584,0.717,0,-5.175,0,0.0266,0.0194,0.756,0.0739,0.659,140.031
Money,The Drums,SCARED,1150688,233655,2011,60,0.603,0.918,4,-6.652,0,0.0641,0.216,0.146,0.287,0.452,102.473
Blondie,Current Joys,SCARED,87538,194733,2013,72,0.776,0.626,6,-12.561,1,0.0396,0.622,0.899,0.086,0.866,122.072
no way !,Yot Club,SCARED,406482,166458,2019,65,0.651,0.696,7,-7.889,1,0.0314,0.0949,0.903,0.387,0.62,130.27
Friends,Vacations,SCARED,345641,204827,2018,40,0.73,0.925,6,-2.501,1,0.0456,0.174,0.0,0.235,0.86,123.075
MINE,awfultune,SCARED,399125,175354,2019,61,0.693,0.0693,1,-20.707,1,0.0492,0.845,1.14e-06,0.142,0.217,67.448
Not Allowed,TV Girl,SCARED,245682,167864,2016,81,0.67,0.905,1,-6.855,1,0.129,0.669,0.000227,0.349,0.563,104.965
Tired,beabadoobee,SCARED,342788,199515,2018,71,0.63,0.418,7,-7.111,0,0.0254,0.483,0.15,0.111,0.345,140.037
Kingston,Faye Webster,SCARED,399071,202653,2019,71,0.73,0.355,10,-9.13,0,0.0359,0.154,0.00155,0.117,0.56,142.143
Tinder Song,Victor Internet,SCARED,293668,120375,2017,54,0.619,0.465,11,-7.327,1,0.0238,0.51,2.54e-05,0.0958,0.554,79.983
Inside Out,Duster,SCARED,21959,141040,1998,39,0.5529999999999999,0.465,9,-9.664,1,0.0301,0.8370000000000001,0.97,0.102,0.6509999999999999,79.22399999999998
I Met Sarah in the Bathroom,awfultune,SCARED,399110,121375,2019,65,0.675,0.408,0,-10.861,1,0.142,0.901,0.000714,0.16,0.229,90.111
"Dream, Ivory","Dream, Ivory",SCARED,286624,188266,2017,64,0.535,0.568,1,-4.829,1,0.0285,0.0796,0.331,0.07,0.193,120.051
Bloom Later,JesseÂ®,SCARED,293595,160307,2017,61,0.513,0.318,0,-10.451,1,0.0314,0.796,0.0,0.177,0.249,81.923
WANTED U,Joji,SCARED,350238,251015,2018,67,0.305,0.715,7,-7.54,1,0.0554,0.105,0.0495,0.0906,0.29,82.977
striptease,carwash,SCARED,399096,160659,2019,67,0.693,0.575,8,-8.887,1,0.0727,0.124,0.946,0.102,0.728,130.033
Looking Out for You,Joy Again,SCARED,235637,179499,2016,77,0.682,0.9,9,-5.028,1,0.0874,0.0884,0.063,0.0685,0.937,100.721
Blue,"Dream, Ivory",SCARED,286649,150023,2017,58,0.545,0.941,4,-2.653,1,0.0283,0.0387,0.71,0.154,0.502,150.04
My Kind of Woman,Mac DeMarco,SCARED,18491,190846,2012,79,0.501,0.765,6,-7.063,0,0.0281,0.00294,0.49,0.184,0.46,91.771
How - demo,Clairo,SCARED,342802,127040,2018,66,0.649,0.428,8,-4.584,0,0.0313,0.766,0.00294,0.0816,0.514,77.057
Show Me How,Men I Trust,SCARED,342778,215111,2018,79,0.791,0.267,5,-11.997,1,0.0415,0.674,0.534,0.102,0.544,165.99
Lovers Rock,TV Girl,SCARED,140597,213920,2014,85,0.559,0.871,5,-5.338,0,0.0397,7.53e-06,0.00545,0.096,0.572,104.97
Jealous,Eyedress,SCARED,406368,122339,2019,82,0.474,0.921,9,-10.431,0,0.0457,0.00491,0.85,0.476,0.696,93.01
She Likes Another Boy,Oscar Lang,SCARED,286613,207827,2017,69,0.703,0.191,1,-14.078,0,0.0287,0.922,0.865,0.114,0.327,61.932
we fell in love in october,girl in red,SCARED,1843,184153,2018,82,0.566,0.366,7,-12.808,1,0.028,0.113,0.181,0.155,0.237,129.959
Don't Forget About Me,d4vd,SCARED,62722,268854,2015,63,0.494,0.243,5,-9.083,0,0.0316,0.8220000000000001,0.00225,0.147,0.0722,126.063
What Would I Do?,Strawberry Guy,SCARED,399084,234000,2019,68,0.539,0.461,11,-7.674,1,0.0279,0.457,0.903,0.072,0.436,128.635
Apocalypse,Cigarettes After Sex,SCARED,255746,290147,2017,81,0.369,0.467,5,-9.018,1,0.0274,0.0194,0.46,0.109,0.174,94.473
Sunsetz,Cigarettes After Sex,SCARED,255747,214680,2017,77,0.412,0.477,9,-9.381,0,0.029,0.0542,0.798,0.0975,0.141,75.302
Pluto Projector,Rex Orange County,SCARED,406389,267520,2019,76,0.379,0.219,5,-11.196,1,0.0307,0.707,0.000691,0.118,0.188,79.786
Cocaine Sunday,Eyedress,SCARED,350241,168740,2018,66,0.544,0.765,4,-6.491,1,0.0259,0.00818,0.821,0.15,0.429,153.916
Pretty Boy,The Neighbourhood,SCARED,423459,234093,2020,75,0.578,0.386,6,-11.464,1,0.0278,0.208,0.0453,0.307,0.569,154.902
Mr. Loverman,Ricky Montgomery,SCARED,245684,216880,2016,76,0.639,0.526,0,-6.697,1,0.0256,0.245,2.43e-05,0.25,0.488,130.033
Blue Hair,TV Girl,SCARED,342775,217000,2018,80,0.751,0.72,4,-6.376,1,0.0303,0.554,0.0497,0.258,0.884,135.73
The Moon Song,"beabadoobee, Oscar Lang",SCARED,161156,141040,2017,65,0.405,0.0854,0,-15.488,1,0.0336,0.968,0.0121,0.139,0.148,93.768
Constellations,Duster,SCARED,68446,223200,1998,35,0.8640000000000001,0.326,2,-12.607,1,0.0643,0.894,0.858,0.109,0.142,110.328
Die For You,Joji,SCARED,569205,211667,2022,83,0.472,0.518,8,-7.379,1,0.051,0.383,0.127,0.289,0.154,147.805
Good Looking,Suki Waterhouse,SCARED,561974,214800,2022,78,0.364,0.554,4,-9.076,1,0.0301,0.077,0.000297,0.125,0.257,150.079
Moonlight on the River,Mac DeMarco,SCARED,271175,422613,2017,74,0.662,0.478,9,-8.631,1,0.0451,0.252,0.833,0.216,0.43,139.98
Pretty Girl,Clairo,SCARED,87706,178352,2017,77,0.93,0.611,0,-4.4060000000000015,1,0.0415,0.593,0.00124,0.0592,0.695,112.127
From the Subway Train,Vansire,SCARED,342779,57370,2018,77,0.392,0.429,5,-10.279,0,0.0462,0.527,0.015,0.217,0.105,72.104
The Blonde,TV Girl,SCARED,140604,227760,2014,66,0.501,0.547,1,-7.961,0,0.0243,0.225,0.912,0.288,0.225,87.692
Cigarettes out the Window,TV Girl,SCARED,245683,198961,2016,81,0.625,0.659,0,-5.669,1,0.0337,0.12,0.0,0.17,0.594,113.551
Starboy ,Weeknd ,ANGRY,1600,230453,2016,0,0.681,0.594,7,-7.028,1,0.282,0.165,3.49e-06,0.134,0.535,186.054
Believer,Imagine Dragons,ANGRY,1737,204346,2017,1,0.779,0.787,10,-4.305,0,0.108,0.0524,0.0,0.14,0.708,124.982
Don't Let me down,Chain Smokers,ANGRY,445601,200391,2020,53,0.854,0.674,0,-7.32,1,0.0597,0.345,9.82e-05,0.12,0.729,109.958
Don't get in my way ,Zack Hemsey,ANGRY,54902,408097,2013,56,0.649,0.738,8,-6.181,1,0.0395,0.237,0.95,0.118,0.165,87.98700000000002
"Rap God 
",Eminem,ANGRY,85740,363521,2013,76,0.708,0.843,7,-2.66,1,0.314,0.397,0.0,0.799,0.625,148.14
Thunde,Imagine dragons ,ANGRY,1706,187146,2017,1,0.6,0.81,0,-4.749,1,0.0479,0.00683,0.21,0.155,0.298,167.88
Green Day,Boulevard of broken dreams,ANGRY,506,261266,2004,72,0.49,0.679,8,-3.68,1,0.0309,0.00394,1.54e-05,0.0383,0.506,167.046
Aarambh ,Piyush mishra ,ANGRY,1037626,295867,2009,67,0.693,0.778,1,-8.087,0,0.248,0.555,0.0,0.094,0.282,125.025
Tiktok,Kesha,ANGRY,1004,199693,2010,80,0.755,0.837,2,-2.718,0,0.142,0.0991,0.0,0.289,0.714,120.028
1x1 , Bring Me The Horizon,ANGRY,193299,222760,2015,56,0.481,0.938,11,-4.759,0,0.0781,0.00301,0.000153,0.0859,0.357,134.962
Just lose it,Eminem,ANGRY,445,248680,2004,67,0.94,0.633,8,-3.56,1,0.0467,0.0581,4.04e-05,0.281,0.962,121.003
Mockingbird,Eminem,ANGRY,535,250760,2004,77,0.637,0.678,0,-3.798,1,0.266,0.209,0.0,0.156,0.254,84.039
Nothing Else Matters ,Metallica,ANGRY,85044,388733,1991,69,0.5579999999999999,0.364,4,-11.258,0,0.0265,0.0505,5.02e-06,0.0753,0.17,142.171
System of a down ,Toxicity,ANGRY,693904,218933,2001,80,0.413,0.873,8,-4.151,1,0.0536,0.000264,0.00249,0.204,0.48,116.68
Love the way you lie ,Eminem ,ANGRY,1001,263373,2010,81,0.749,0.925,10,-5.034,1,0.227,0.241,0.0,0.52,0.641,86.989
I am machine, 3 day grace,ANGRY,162927,200147,2015,66,0.402,0.97,2,-4.538,0,0.0668,1.29e-05,2.62e-06,0.189,0.476,75.106
Calm down,"Rema , Selena Gomez",ANGRY,569191,239318,2022,93,0.801,0.806,11,-5.206,1,0.0381,0.382,0.000669,0.114,0.802,106.999
Animal i have become three days grace,Three Days Grace,ANGRY,881831,231400,2006,72,0.553,0.853,8,-3.668,1,0.0339,0.000684,0.0,0.126,0.506,122.023
Wake Me Up,Avicil,ANGRY,1303,247426,2013,6,0.532,0.783,2,-5.697,1,0.0523,0.0038,0.0012,0.161,0.643,124.08
Killing ion the name,Rage,ANGRY,1117128,292400,2011,9,0.241,0.929,7,-4.738,1,0.0546,0.00697,0.0,0.387,0.604,86.505
Since I been gone ,Kely  Clarkson,ANGRY,594,188960,2004,71,0.662,0.739,9,-5.354,0,0.0322,0.00206,0.0603,0.113,0.382,130.999
Arijit Singh ,Sajni,ANGRY,406948,325460,2019,32,0.499,0.48,1,-6.45,1,0.0415,0.619,0.0,0.319,0.577,99.886
let it happen,Tame Impala ,ANGRY,87524,467587,2015,74,0.602,0.8809999999999999,1,-5.875,0,0.0443,0.00462,0.0266,0.111,0.5770000000000001,125.012
 What a beautiful name,Hillsong,ANGRY,125824,238200,2017,64,0.424,0.506,2,-5.877000000000002,1,0.0284,0.201,0.0,0.11,0.138,135.90200000000002
Levels,Avicil,ANGRY,106367,338867,2011,59,0.601,0.8340000000000001,1,-6.573,0,0.0358,0.0295,0.888,0.34,0.352,125.991
Feel So Close,Calvin Harris,ANGRY,42458,274275,2012,8,0.417,0.87,2,-3.02,1,0.0389,0.000305,1.44e-05,0.18,0.121,139.989
Alone,Marshmello,ANGRY,1638,273802,2016,71,0.631,0.953,2,-3.739,1,0.0343,0.0241,0.0155,0.108,0.422,141.99
DonÕt You Worry Child,Swedish House Mafia,ANGRY,12195,403493,2012,61,0.632,0.88,2,-4.051,1,0.0463,0.0144,0.0021,0.118,0.338,129.007
Titanium,David Guetta,ANGRY,18656,238123,2012,41,0.599,0.637,0,-7.44,0,0.0747,0.16,0.000204,0.354,0.568,125.947
Hey Mama,David Guetta,ANGRY,494062,192560,2021,47,0.596,0.73,9,-4.091,1,0.151,0.24,0.0,0.325,0.524,85.979
Save The World,Swedish House Mafia,ANGRY,1154,213337,2011,65,0.507,0.665,0,-7.598,1,0.0474,0.0144,0.0,0.0759,0.4,126.879
Happier,Marshmello,ANGRY,1864,214289,2018,82,0.687,0.792,5,-2.749,1,0.0452,0.191,0.0,0.167,0.671,100.015
Summer,Calvin Harris,ANGRY,1434,224506,2014,21,0.603,0.861,4,-3.565,0,0.0325,0.0215,0.043,0.1,0.72,127.962
Scary Monsters and Nice Sprites,Skrillex,ANGRY,1082448,243354,2010,58,0.523,0.944,7,-3.581,0,0.0837,0.00336,0.557,0.119,0.324,139.997
Faded,Alan Walker,ANGRY,1630,212106,2018,78,0.468,0.627,6,-5.085,1,0.0476,0.0281,7.97e-06,0.11,0.159,179.642
Delirious,Steve Aoki,ANGRY,126088,223601,2014,26,0.701,0.907,1,-4.437,1,0.0548,0.0147,0.0,0.167,0.914,127.985
The Business,Tiesto,ANGRY,433220,164000,2020,80,0.798,0.62,8,-7.079,0,0.232,0.414,0.0192,0.112,0.235,120.031
Ghosts ÔnÕ Stuff,Deadmau5,ANGRY,126167,328740,2014,24,0.616,0.621,5,-6.939,0,0.125,5.18e-05,0.105,0.16,0.465,127.978
Bangarang,Skrillex,ANGRY,451090,97655,2020,60,0.557,0.939,6,-5.699,1,0.154,0.00345,0.406,0.735,0.569,145.023
Red Lights,Tiesto,ANGRY,1468,263890,2013,0,0.653,0.829,10,-4.783,1,0.0377,0.000739,1.5e-06,0.225,0.545,124.989
Alone,Alan Walker,ANGRY,231099,161200,2016,60,0.676,0.929,10,-3.194,1,0.0458,0.186,0.000405,0.121,0.157,97.019
Strobe,Deadmau5,ANGRY,1029313,633187,2009,46,0.433,0.444,8,-9.911,0,0.0372,0.013,0.856,0.121,0.0356,128.01
Waste It On Me,Steve Aoki,ANGRY,321175,192537,2018,61,0.669,0.684,7,-4.595,1,0.0585,0.252,0.0,0.72,0.466,96.097
Kasam Khake Kaho,"Alka Yagnik, Kumar Sanu",HAPPY,736166,353000,2002,45,0.626,0.923,9,-7.012,0,0.046,0.15,6.03e-05,0.0414,0.86,114.021
"Nashe Si Chadh Gayi (From ""Befikre"")","Arijit Singh, Caralisa Monteiro",HAPPY,462611,238289,2020,25,0.801,0.779,4,-5.515,0,0.0555,0.112,0.0,0.206,0.267,96.949
College Ki Ladkiyon,Udit Narayan,HAPPY,739746,349000,2002,46,0.667,0.901,7,-7.431,1,0.05,0.0614,0.011,0.0642,0.9,111.931
Pupilas Lejanas,Los Pericos,HAPPY,360133,241232,2018,36,0.697,0.651,0,-6.554,0,0.039,0.0571,0.0,0.668,0.91,144.93
Fevicol Se,"Mamta Sharma, Wajid",HAPPY,40639,289866,2012,56,0.752,0.822,5,-8.471,0,0.102,0.131,0.0,0.27,0.917,119.966
Sheila Ki Jawani,"Sunidhi Chauhan, Vishal Dadlani",HAPPY,1101619,281707,2010,63,0.803,0.859,6,-4.405,0,0.185,0.305,6.18e-05,0.553,0.631,101.007
Prem Ratan Dhan Payo,Palak Muchhal,HAPPY,197914,319343,2015,47,0.451,0.922,11,-6.26,1,0.216,0.48,3.65e-05,0.0616,0.495,92.409
Jhalak Dikhla Ja,Himesh Reshammiya,HAPPY,869337,317560,2005,58,0.688,0.737,2,-10.051,1,0.0443,0.015,0.00025,0.0599,0.635,110.969
"Ghagra (From ""Yeh Jawaani Hai Deewani"")","Rekha Bhardwaj, Vishal Dadlani",HAPPY,94259,304307,2013,18,0.706,0.92,8,-5.208,1,0.172,0.222,0.0,0.319,0.696,101.94
Sadi Gali,Lehmber Hussainpuri,HAPPY,1140412,264900,2011,62,0.726,0.994,5,-2.433,0,0.0543,0.021,0.0108,0.222,0.779,129.989
Ek Dilruba Hai,Udit Narayan,HAPPY,869361,408840,2005,52,0.76,0.565,5,-9.737,0,0.0489,0.239,2.35e-06,0.102,0.758,126.016
Pyar Dilon Ka Mela Hai,"Alka Yagnik, Sonu Nigam",HAPPY,653247,297947,2000,53,0.646,0.944,5,-6.366,0,0.212,0.039,5.48e-06,0.0645,0.666,126.906
Terre Pyaar Mein,Himesh Reshammiya,HAPPY,516049,333334,2021,48,0.597,0.629,3,-5.013,0,0.0284,0.121,0.0,0.198,0.594,125.968
Balam Pichkari,"Pritam, Vishal Dadlani, Shalmali Kholgade",HAPPY,54932,288903,2013,57,0.732,0.944,0,-4.115,1,0.09,0.209,0.0,0.403,0.957,120.019
"Shanivaar Raati (From ""Main Tera Hero"")","Arijit Singh, Shalmali Kholgade",HAPPY,406785,261062,2019,36,0.684,0.892,10,-4.427,0,0.0395,0.0307,3.51e-06,0.0833,0.721,132.007
Mauja Hi Mauja,"Pritam, Mika Singh",HAPPY,46780,245100,2007,52,0.738,0.873,2,-5.659,1,0.107,0.075,0.0294,0.225,0.484,104.983
Rama 'O' Rama,Kailash Kher,SCARED,1048456,318104,2009,26,0.614,0.798,5,-6.894,1,0.061,0.184,0.0,0.265,0.835,119.986
Jiya Re,Javed Ali,SCARED,570318,251678,2022,15,0.321,0.651,5,-5.141,1,0.0346,0.455,0.0,0.155,0.37,143.735
